id_internacion,IN_MOTING,Area,dias_internados,sexo,rango_edad,pluripatologico,cantidad_interconsultas,visitas_guardia_6meses_previos,TR_Prioridad,Riesgo_Cardiovasculares_Inotropicos,Riesgo_Psicofarmacos_Neurologicos,LLM_tabaquismo_activo,LLM_fragilidad_geriatrica,LLM_polifarmacia,LLM_historial_caidas,LLM_abandono_medicacion,LLM_red_apoyo_deficiente,LLM_barrera_comprension,ING_dolor_eva,ING_gravedad_percibida,ING_alteracion_mental,ING_dependencia_funcional,ING_portador_dispositivos,ING_consultas_reiteradas,ING_riesgo_hemorragico,ING_infeccion_activa,ING_multimorbilidad_severa,EVO_dolor_eva,EVO_gravedad_percibida,EVO_alteracion_mental,EVO_dependencia_funcional,EVO_portador_dispositivos,EVO_complicacion_internacion,EVO_aislamiento_infeccioso,EVO_cambio_terapeutico_mayor,EVO_terapia_endovenosa_prolongada,EVO_inestabilidad_residual,DELTA_dolor_eva,DELTA_gravedad_percibida,DELTA_alteracion_mental,DELTA_dependencia_funcional,DELTA_portador_dispositivos,EST_ingreso_ambulancia,IN_COMPLEJIDAD,EST_paso_por_uti,perfil_clinico_ingreso
68800,I959,CLINICA_MEDICA,6,FEMENINO,ADULTO MAYOR,1,6,15,1,1,0,0,1,1,0,1,0,0,2,5,0,0,1,1,0,0,0,8,5,1,1,1,0,0,0,0,0,6,0,1,1,0,1,6,0,DESCOMPENSACION DE PLURIPATOLOGIA
67879,I509,CLINICA_MEDICA,5,FEMENINO,ADULTO JOVEN,0,1,0,1,0,0,1,0,0,0,0,0,0,0,8,0,0,1,0,0,0,0,0,4,0,0,1,1,0,0,0,0,0,-4,0,0,0,1,6,0,INTERNACION INICIAL
64243,J441,CLINICA_MEDICA,4,MASCULINO,ADULTO MAYOR,1,0,0,3,0,1,0,0,0,0,0,1,1,0,7,0,0,1,1,0,0,1,0,7,1,0,1,0,0,1,1,0,0,0,1,0,0,0,6,0,REINTERNACION NO ASOCIADA
60634,F341,CLINICA_MEDICA,5,FEMENINO,ADULTO DE MEDIANA EDAD,1,4,0,2,0,0,1,0,0,0,1,0,0,5,9,0,0,1,0,0,0,0,0,5,0,0,1,0,0,0,0,0,-5,-4,0,0,0,0,6,0,INTERNACION INICIAL
57558,M328,CLINICA_MEDICA,6,MASCULINO,ADULTO MAYOR,1,1,7,1,0,0,0,1,1,0,1,0,0,0,4,0,0,0,1,0,0,0,0,4,1,0,0,1,0,0,0,0,0,0,1,0,0,0,6,0,REINTERNACION NO ASOCIADA
64234,F167,EMERG_GUARDIAS,3,FEMENINO,ADULTO JOVEN,1,7,0,1,0,1,0,0,0,0,1,0,0,0,5,0,0,0,0,0,0,0,0,5,0,0,0,0,0,0,0,0,0,0,0,0,0,1,8,0,MISMA CAUSA
61571,E781,CLINICA_MEDICA,10,MASCULINO,ADULTO MAYOR,1,5,0,1,0,1,0,1,1,0,0,1,1,0,5,1,1,1,0,0,0,0,0,5,1,1,0,1,0,0,0,1,0,0,0,0,-1,0,6,0,INTERNACION INICIAL
68521,E109,CLINICA_MEDICA,5,FEMENINO,ADULTO MAYOR,1,0,14,1,1,0,0,0,1,0,1,0,0,0,7,1,1,1,1,0,0,0,0,4,1,0,1,1,0,0,0,0,0,-3,0,-1,0,1,6,0,DESCOMPENSACION DE PLURIPATOLOGIA
70063,I456,CLINICA_MEDICA,4,FEMENINO,ADULTO JOVEN,1,8,0,2,0,1,0,0,0,0,0,0,0,0,4,0,0,0,0,0,0,0,0,4,0,0,0,1,0,0,0,0,0,0,0,0,0,0,6,0,INTERNACION INICIAL
62244,F412,EMERG_GUARDIAS,2,FEMENINO,ADULTO JOVEN,0,2,0,1,0,1,0,0,0,0,1,0,0,0,9,0,0,0,0,0,0,0,0,5,0,0,0,0,0,0,0,0,0,-4,0,0,0,1,8,0,INTERNACION INICIAL
66981,I802,EMERG_GUARDIAS,2,FEMENINO,ADULTO MAYOR,1,0,7,1,0,0,0,0,0,1,1,0,0,0,7,0,0,0,0,0,0,0,0,4,0,0,1,0,0,0,0,0,0,-3,0,0,1,0,8,0,MISMA CAUSA
63938,E116,CLINICA_MEDICA,4,FEMENINO,ADULTO MAYOR,0,1,2,1,1,1,0,1,1,1,0,0,0,0,9,1,1,1,1,0,0,0,0,5,1,1,1,0,0,0,0,0,0,-4,0,0,0,1,6,0,INTERNACION INICIAL
68054,F059,CLINICA_MEDICA,3,FEMENINO,ADULTO MAYOR,1,1,0,2,1,0,0,1,1,0,0,1,0,0,5,1,1,0,0,0,0,0,0,5,1,0,0,0,0,0,0,0,0,0,0,-1,0,0,6,0,MISMA CAUSA
66903,J46X,CLINICA_MEDICA,8,MASCULINO,ADULTO DE MEDIANA EDAD,1,13,0,1,0,1,0,0,0,0,1,0,0,0,2,1,0,0,0,0,0,0,0,2,1,0,0,0,0,0,1,0,0,0,0,0,0,1,6,0,INTERNACION INICIAL
60683,F064,CLINICA_MEDICA,13,FEMENINO,ADULTO JOVEN,1,3,7,0,0,1,0,0,1,0,0,0,0,0,8,1,0,0,0,0,1,0,2,6,0,1,1,1,0,0,0,0,2,-2,-1,1,1,0,6,0,MISMA CAUSA
58493,F059,CLINICA_MEDICA,8,MASCULINO,ADULTO MAYOR,1,2,1,1,1,0,0,0,1,0,1,0,0,6,7,0,0,0,0,0,0,0,0,5,0,0,0,1,0,0,0,0,-6,-2,0,0,0,0,6,0,INTERNACION INICIAL
60229,F059,CLINICA_MEDICA,6,FEMENINO,ADULTO MAYOR,1,4,0,1,0,1,0,1,0,0,1,0,0,0,7,1,1,1,0,0,0,1,0,7,1,1,1,1,0,1,0,0,0,0,0,0,0,1,6,0,REINTERNACION NO ASOCIADA
61435,F059,CLINICA_MEDICA,6,FEMENINO,ADULTO MAYOR,1,0,1,0,1,1,0,0,1,0,1,0,0,0,6,1,0,1,0,0,0,0,0,5,1,0,0,1,0,0,0,0,0,-1,0,0,-1,1,6,0,REINTERNACION NO ASOCIADA
56646,F03X,CLINICA_MEDICA,5,FEMENINO,ADULTO MAYOR,0,1,0,1,1,1,0,1,1,1,1,0,0,0,5,1,1,1,0,0,0,0,0,5,1,1,1,1,0,0,0,0,0,0,0,0,0,1,6,0,INTERNACION INICIAL
69982,E101,CLINICA_MEDICA,3,FEMENINO,ADULTO DE MEDIANA EDAD,0,1,0,2,0,0,1,0,0,0,1,0,1,0,9,0,0,1,0,0,0,0,0,5,0,0,0,0,0,1,0,0,0,-4,0,0,-1,0,6,0,INTERNACION INICIAL